,bikenum,sum,week,count
0,W00563,9682,2015-12-28 00:00:00-05:00,3
1,W00563,18392,2016-01-04 00:00:00-05:00,7
2,W00563,24023,2016-01-11 00:00:00-05:00,6
3,W00563,4796,2016-01-25 00:00:00-05:00,2
4,W00563,15242,2016-02-01 00:00:00-05:00,5
5,W00563,6769,2016-02-15 00:00:00-05:00,3
6,W00563,7253,2016-02-22 00:00:00-05:00,4
7,W00563,9475,2016-02-29 00:00:00-05:00,5
8,W00563,38901,2016-03-07 00:00:00-05:00,7
9,W00563,27414,2016-03-14 00:00:00-04:00,5
10,W00563,35613,2016-03-21 00:00:00-04:00,4
11,W00563,21294,2016-03-28 00:00:00-04:00,7
12,W00563,27501,2016-04-04 00:00:00-04:00,5
13,W00563,29444,2016-04-11 00:00:00-04:00,7
14,W00563,23874,2016-04-18 00:00:00-04:00,7
15,W00563,20763,2016-04-25 00:00:00-04:00,3
16,W00563,9620,2016-05-02 00:00:00-04:00,5
17,W00563,7377,2016-05-09 00:00:00-04:00,2
18,W00563,18470,2016-05-16 00:00:00-04:00,4
19,W00563,23126,2016-05-23 00:00:00-04:00,6
20,W00563,10755,2016-05-30 00:00:00-04:00,4
21,W00563,23898,2016-06-06 00:00:00-04:00,4
22,W00563,34323,2016-06-13 00:00:00-04:00,7
23,W00563,60043,2016-06-20 00:00:00-04:00,6
24,W00563,52703,2016-06-27 00:00:00-04:00,7
25,W00563,40011,2016-07-04 00:00:00-04:00,5
26,W00563,58049,2016-07-11 00:00:00-04:00,7
27,W00563,26017,2016-07-18 00:00:00-04:00,7
28,W00563,45720,2016-07-25 00:00:00-04:00,7
29,W00563,25846,2016-08-01 00:00:00-04:00,6
30,W00563,15050,2016-08-08 00:00:00-04:00,6
31,W00563,38028,2016-08-15 00:00:00-04:00,5
32,W00563,1856,2016-08-22 00:00:00-04:00,1
33,W00563,4677,2016-08-29 00:00:00-04:00,1
34,W00563,24612,2016-09-05 00:00:00-04:00,6
35,W00563,62004,2016-09-12 00:00:00-04:00,7
36,W00563,79644,2016-09-19 00:00:00-04:00,7
37,W00563,51460,2016-09-26 00:00:00-04:00,7
38,W00563,27127,2016-10-03 00:00:00-04:00,5
39,W00563,2547,2016-10-10 00:00:00-04:00,3
40,W00563,25814,2016-10-17 00:00:00-04:00,6
41,W00563,39506,2016-10-24 00:00:00-04:00,7
42,W00563,21740,2016-10-31 00:00:00-04:00,6
43,W00563,12969,2016-11-07 00:00:00-05:00,5
44,W00563,1181,2016-11-14 00:00:00-05:00,2
45,W00563,13268,2016-11-21 00:00:00-05:00,2
46,W00563,12156,2016-11-28 00:00:00-05:00,5
47,W00563,8849,2016-12-05 00:00:00-05:00,5
48,W00563,304,2016-12-19 00:00:00-05:00,1
49,W00563,7332,2016-12-26 00:00:00-05:00,4
50,W00563,6344,2017-01-02 00:00:00-05:00,5
51,W00563,22575,2017-01-09 00:00:00-05:00,4
52,W00563,27113,2017-01-16 00:00:00-05:00,6
53,W00563,12278,2017-01-23 00:00:00-05:00,6
54,W00563,6726,2017-01-30 00:00:00-05:00,4
55,W00563,6882,2017-02-06 00:00:00-05:00,4
56,W00563,21803,2017-02-13 00:00:00-05:00,5
57,W00563,19574,2017-02-20 00:00:00-05:00,6
58,W00563,2357,2017-02-27 00:00:00-05:00,2
59,W00563,25960,2017-03-06 00:00:00-05:00,6
60,W00563,10238,2017-03-13 00:00:00-04:00,4
61,W00563,45856,2017-03-20 00:00:00-04:00,6
62,W00563,9784,2017-03-27 00:00:00-04:00,5
63,W00563,64219,2017-04-03 00:00:00-04:00,7
64,W00563,15355,2017-04-10 00:00:00-04:00,5
65,W00563,28919,2017-04-17 00:00:00-04:00,5
66,W00563,37110,2017-04-24 00:00:00-04:00,5
67,W00563,8462,2017-05-01 00:00:00-04:00,6
68,W00563,12668,2017-05-08 00:00:00-04:00,4
69,W00563,19212,2017-05-15 00:00:00-04:00,5
70,W00563,23388,2017-05-22 00:00:00-04:00,3
71,W00563,13333,2017-05-29 00:00:00-04:00,4
72,W00563,28539,2017-06-05 00:00:00-04:00,7
73,W00563,48005,2017-06-12 00:00:00-04:00,7
74,W00563,26638,2017-06-19 00:00:00-04:00,7
75,W00563,16767,2017-06-26 00:00:00-04:00,4
76,W00563,23686,2017-07-10 00:00:00-04:00,6
77,W00563,55034,2017-07-17 00:00:00-04:00,7
78,W00563,71029,2017-07-24 00:00:00-04:00,7
79,W00563,77313,2017-07-31 00:00:00-04:00,7
80,W00563,50132,2017-08-07 00:00:00-04:00,7
81,W00563,80333,2017-08-14 00:00:00-04:00,7
82,W00563,37424,2017-08-21 00:00:00-04:00,5
83,W00563,53914,2017-08-28 00:00:00-04:00,6
84,W00563,45120,2017-09-04 00:00:00-04:00,5
85,W00563,46038,2017-09-11 00:00:00-04:00,6
86,W00563,32970,2017-09-18 00:00:00-04:00,7
87,W00563,50299,2017-09-25 00:00:00-04:00,6
88,W00563,38470,2017-10-02 00:00:00-04:00,7
89,W00563,20291,2017-10-09 00:00:00-04:00,3
90,W00563,52628,2017-10-16 00:00:00-04:00,7
91,W00563,27641,2017-10-23 00:00:00-04:00,5
92,W00563,30741,2017-10-30 00:00:00-04:00,5
93,W00563,26005,2017-11-06 00:00:00-05:00,6
94,W00563,30197,2017-11-13 00:00:00-05:00,7
95,W00563,18756,2017-11-20 00:00:00-05:00,6
96,W00563,11550,2017-11-27 00:00:00-05:00,4
97,W00563,7494,2017-12-04 00:00:00-05:00,3
98,W00563,10335,2017-12-11 00:00:00-05:00,5
99,W00563,4323,2017-12-18 00:00:00-05:00,4
100,W00563,15511,2017-12-25 00:00:00-05:00,3
101,W00563,2383,2018-01-01 00:00:00-05:00,2
102,W00563,11591,2018-01-08 00:00:00-05:00,5
103,W00563,19842,2018-01-15 00:00:00-05:00,7
104,W00563,15649,2018-01-22 00:00:00-05:00,4
105,W00563,15704,2018-01-29 00:00:00-05:00,5
106,W00563,13325,2018-02-05 00:00:00-05:00,7
107,W00563,41569,2018-02-12 00:00:00-05:00,6
108,W00563,4551,2018-02-19 00:00:00-05:00,4
109,W00563,11191,2018-02-26 00:00:00-05:00,6
110,W00563,23696,2018-03-05 00:00:00-05:00,7
111,W00563,29469,2018-03-12 00:00:00-04:00,6
112,W00563,21055,2018-03-19 00:00:00-04:00,6
113,W00563,33496,2018-03-26 00:00:00-04:00,7
114,W00563,64318,2018-04-02 00:00:00-04:00,7
115,W00563,40088,2018-04-09 00:00:00-04:00,6
116,W00563,8824,2018-04-16 00:00:00-04:00,5
117,W00563,15240,2018-04-23 00:00:00-04:00,4
118,W00563,27380,2018-04-30 00:00:00-04:00,5
119,W00563,29478,2018-05-07 00:00:00-04:00,5
120,W00563,15202,2018-05-14 00:00:00-04:00,7
121,W00563,13938,2018-05-21 00:00:00-04:00,4
122,W00563,5027,2018-05-28 00:00:00-04:00,3
123,W00563,56680,2018-06-04 00:00:00-04:00,7
124,W00563,41399,2018-06-11 00:00:00-04:00,7
125,W00563,47220,2018-06-18 00:00:00-04:00,5
126,W00563,45608,2018-06-25 00:00:00-04:00,6
127,W00563,46807,2018-07-02 00:00:00-04:00,7
128,W00563,74751,2018-07-09 00:00:00-04:00,7
129,W00563,42513,2018-07-16 00:00:00-04:00,7
130,W00563,58380,2018-07-23 00:00:00-04:00,7
131,W00563,49388,2018-07-30 00:00:00-04:00,7
132,W00563,54679,2018-08-06 00:00:00-04:00,6
133,W00563,57589,2018-08-13 00:00:00-04:00,7
134,W00563,20504,2018-08-20 00:00:00-04:00,5
135,W00563,12491,2018-08-27 00:00:00-04:00,3
136,W00563,706,2018-09-03 00:00:00-04:00,1
137,W00563,28790,2018-09-10 00:00:00-04:00,5
138,W00563,39503,2018-09-17 00:00:00-04:00,7
139,W00563,54872,2018-09-24 00:00:00-04:00,7
140,W20530,752,2016-01-04 00:00:00-05:00,1
141,W20530,15278,2016-01-11 00:00:00-05:00,6
142,W20530,3283,2016-01-18 00:00:00-05:00,2
143,W20530,9855,2016-01-25 00:00:00-05:00,4
144,W20530,6441,2016-02-01 00:00:00-05:00,4
145,W20530,14272,2016-02-08 00:00:00-05:00,5
146,W20530,21628,2016-02-15 00:00:00-05:00,5
147,W20530,3767,2016-02-22 00:00:00-05:00,3
148,W20530,9374,2016-02-29 00:00:00-05:00,4
149,W20530,32833,2016-03-07 00:00:00-05:00,6
150,W20530,37875,2016-03-14 00:00:00-04:00,6
151,W20530,39388,2016-03-21 00:00:00-04:00,6
152,W20530,19541,2016-03-28 00:00:00-04:00,5
153,W20530,4757,2016-04-04 00:00:00-04:00,1
154,W20530,19905,2016-04-11 00:00:00-04:00,4
155,W20530,17024,2016-04-18 00:00:00-04:00,3
156,W20530,38211,2016-04-25 00:00:00-04:00,5
157,W20530,15933,2016-05-02 00:00:00-04:00,4
158,W20530,29521,2016-05-09 00:00:00-04:00,7
159,W20530,3719,2016-05-16 00:00:00-04:00,2
160,W20530,66357,2016-05-23 00:00:00-04:00,6
161,W20530,44005,2016-05-30 00:00:00-04:00,6
162,W20530,4005,2016-06-06 00:00:00-04:00,2
163,W20530,54070,2016-06-13 00:00:00-04:00,7
164,W20530,42082,2016-06-20 00:00:00-04:00,6
165,W20530,65949,2016-06-27 00:00:00-04:00,7
166,W20530,18200,2016-07-04 00:00:00-04:00,3
167,W20530,22514,2016-07-11 00:00:00-04:00,4
168,W20530,30336,2016-07-18 00:00:00-04:00,7
169,W20530,16584,2016-07-25 00:00:00-04:00,7
170,W20530,34216,2016-08-01 00:00:00-04:00,6
171,W20530,59507,2016-08-08 00:00:00-04:00,6
172,W20530,45591,2016-08-15 00:00:00-04:00,6
173,W20530,4814,2016-08-22 00:00:00-04:00,2
174,W20530,11287,2016-09-05 00:00:00-04:00,3
175,W20530,30416,2016-09-12 00:00:00-04:00,5
176,W20530,35864,2016-09-19 00:00:00-04:00,6
177,W20530,6129,2016-09-26 00:00:00-04:00,3
178,W20530,38316,2016-10-03 00:00:00-04:00,6
179,W20530,56445,2016-10-10 00:00:00-04:00,7
180,W20530,30074,2016-10-17 00:00:00-04:00,5
181,W20530,46588,2016-10-24 00:00:00-04:00,6
182,W20530,17901,2016-10-31 00:00:00-04:00,5
183,W20530,16073,2016-11-14 00:00:00-05:00,4
184,W20530,10479,2016-11-21 00:00:00-05:00,5
185,W20530,15786,2016-11-28 00:00:00-05:00,3
186,W20530,10055,2016-12-05 00:00:00-05:00,3
187,W20530,15942,2016-12-12 00:00:00-05:00,7
188,W20530,11236,2016-12-19 00:00:00-05:00,5
189,W20530,30622,2016-12-26 00:00:00-05:00,3
190,W20530,6802,2017-01-02 00:00:00-05:00,3
191,W20530,30756,2017-01-09 00:00:00-05:00,5
192,W20530,31605,2017-01-16 00:00:00-05:00,7
193,W20530,19947,2017-01-23 00:00:00-05:00,7
194,W20530,8988,2017-01-30 00:00:00-05:00,3
195,W20530,16497,2017-02-06 00:00:00-05:00,7
196,W20530,28816,2017-02-13 00:00:00-05:00,6
197,W20530,20298,2017-02-20 00:00:00-05:00,5
198,W20530,14306,2017-02-27 00:00:00-05:00,6
199,W20530,8635,2017-03-06 00:00:00-05:00,6
200,W20530,35789,2017-03-13 00:00:00-04:00,7
201,W20530,42557,2017-03-20 00:00:00-04:00,7
202,W20530,13807,2017-03-27 00:00:00-04:00,2
203,W20530,26620,2017-04-03 00:00:00-04:00,6
204,W20530,30748,2017-04-10 00:00:00-04:00,5
205,W20530,18526,2017-04-17 00:00:00-04:00,5
206,W20530,34761,2017-04-24 00:00:00-04:00,3
207,W20530,21251,2017-05-01 00:00:00-04:00,7
208,W20530,17800,2017-05-08 00:00:00-04:00,5
209,W20530,15212,2017-05-15 00:00:00-04:00,2
210,W20530,6224,2017-05-22 00:00:00-04:00,3
211,W20530,18378,2017-05-29 00:00:00-04:00,4
212,W20530,45847,2017-06-05 00:00:00-04:00,7
213,W20530,45615,2017-06-12 00:00:00-04:00,5
214,W20530,20131,2017-06-19 00:00:00-04:00,7
215,W20530,36605,2017-06-26 00:00:00-04:00,7
216,W20530,36983,2017-07-03 00:00:00-04:00,5
217,W20530,37512,2017-07-10 00:00:00-04:00,6
218,W20530,59927,2017-07-17 00:00:00-04:00,7
219,W20530,6247,2017-07-24 00:00:00-04:00,3
220,W20530,15367,2017-07-31 00:00:00-04:00,6
221,W20530,4603,2017-08-07 00:00:00-04:00,2
222,W20530,1539,2017-08-14 00:00:00-04:00,3
223,W20530,6697,2017-08-21 00:00:00-04:00,1
224,W20530,6403,2017-08-28 00:00:00-04:00,4
225,W20530,25073,2017-09-04 00:00:00-04:00,6
226,W20530,77639,2017-09-11 00:00:00-04:00,7
227,W20530,33994,2017-09-18 00:00:00-04:00,5
228,W20530,25489,2017-09-25 00:00:00-04:00,6
229,W20530,35916,2017-10-02 00:00:00-04:00,6
230,W20530,40564,2017-10-09 00:00:00-04:00,7
231,W20530,51359,2017-10-16 00:00:00-04:00,7
232,W20530,16344,2017-10-23 00:00:00-04:00,7
233,W20530,11073,2017-10-30 00:00:00-04:00,5
234,W20530,27268,2017-11-06 00:00:00-05:00,7
235,W20530,29798,2017-11-13 00:00:00-05:00,7
236,W20530,16713,2017-11-20 00:00:00-05:00,5
237,W20530,20757,2017-11-27 00:00:00-05:00,7
238,W20530,9084,2017-12-04 00:00:00-05:00,5
239,W20530,10290,2017-12-11 00:00:00-05:00,6
240,W20530,13301,2017-12-18 00:00:00-05:00,6
241,W20530,3111,2017-12-25 00:00:00-05:00,5
242,W20530,4940,2018-01-01 00:00:00-05:00,5
243,W20530,580,2018-01-08 00:00:00-05:00,1
244,W20530,10228,2018-01-15 00:00:00-05:00,4
245,W20530,21395,2018-01-22 00:00:00-05:00,6
246,W20530,16727,2018-01-29 00:00:00-05:00,7
247,W20530,4504,2018-02-05 00:00:00-05:00,4
248,W20530,8407,2018-02-12 00:00:00-05:00,5
249,W20530,29520,2018-02-19 00:00:00-05:00,7
250,W20530,15463,2018-02-26 00:00:00-05:00,7
251,W20530,13405,2018-03-05 00:00:00-05:00,5
252,W20530,16233,2018-03-12 00:00:00-04:00,6
253,W20530,10406,2018-03-19 00:00:00-04:00,4
254,W20530,33851,2018-03-26 00:00:00-04:00,4
255,W20530,28761,2018-04-02 00:00:00-04:00,7
256,W20530,61310,2018-04-09 00:00:00-04:00,7
257,W20530,28913,2018-04-16 00:00:00-04:00,5
258,W20530,25692,2018-04-23 00:00:00-04:00,6
259,W20530,9967,2018-04-30 00:00:00-04:00,2
260,W20530,26501,2018-05-07 00:00:00-04:00,7
261,W20530,25304,2018-05-14 00:00:00-04:00,7
262,W20530,10431,2018-05-21 00:00:00-04:00,6
263,W20530,17002,2018-05-28 00:00:00-04:00,6
264,W20530,90083,2018-06-04 00:00:00-04:00,7
265,W20530,18242,2018-06-11 00:00:00-04:00,5
266,W20530,30148,2018-06-18 00:00:00-04:00,7
267,W20530,91216,2018-06-25 00:00:00-04:00,7
268,W20530,42664,2018-07-02 00:00:00-04:00,7
269,W20530,50015,2018-07-09 00:00:00-04:00,7
270,W20530,42016,2018-07-16 00:00:00-04:00,7
271,W20530,54473,2018-07-23 00:00:00-04:00,6
272,W20530,34894,2018-07-30 00:00:00-04:00,6
273,W20530,52589,2018-08-06 00:00:00-04:00,6
274,W20530,65458,2018-08-13 00:00:00-04:00,7
275,W20530,33278,2018-08-20 00:00:00-04:00,7
276,W20530,16571,2018-08-27 00:00:00-04:00,4
277,W20530,19107,2018-09-03 00:00:00-04:00,6
278,W20530,19741,2018-09-10 00:00:00-04:00,6
279,W20530,16011,2018-09-17 00:00:00-04:00,6
280,W21834,5892,2015-12-28 00:00:00-05:00,2
281,W21834,19132,2016-01-04 00:00:00-05:00,6
282,W21834,17099,2016-01-11 00:00:00-05:00,5
283,W21834,3272,2016-01-18 00:00:00-05:00,3
284,W21834,20544,2016-02-01 00:00:00-05:00,7
285,W21834,9110,2016-02-08 00:00:00-05:00,6
286,W21834,13210,2016-02-15 00:00:00-05:00,5
287,W21834,24887,2016-02-22 00:00:00-05:00,6
288,W21834,15570,2016-02-29 00:00:00-05:00,6
289,W21834,35228,2016-03-07 00:00:00-05:00,5
290,W21834,40271,2016-03-14 00:00:00-04:00,7
291,W21834,53608,2016-03-21 00:00:00-04:00,6
292,W21834,21116,2016-03-28 00:00:00-04:00,5
293,W21834,7155,2016-04-04 00:00:00-04:00,4
294,W21834,39653,2016-04-11 00:00:00-04:00,7
295,W21834,36292,2016-04-18 00:00:00-04:00,7
296,W21834,22752,2016-04-25 00:00:00-04:00,5
297,W21834,15013,2016-05-02 00:00:00-04:00,4
298,W21834,77957,2016-05-09 00:00:00-04:00,7
299,W21834,39528,2016-05-16 00:00:00-04:00,5
300,W21834,12244,2016-05-23 00:00:00-04:00,3
301,W21834,5174,2016-06-06 00:00:00-04:00,1
302,W21834,66094,2016-06-13 00:00:00-04:00,7
303,W21834,58416,2016-06-20 00:00:00-04:00,7
304,W21834,70469,2016-06-27 00:00:00-04:00,6
305,W21834,32189,2016-07-04 00:00:00-04:00,5
306,W21834,11521,2016-07-11 00:00:00-04:00,5
307,W21834,57561,2016-07-18 00:00:00-04:00,7
308,W21834,35848,2016-07-25 00:00:00-04:00,7
309,W21834,34566,2016-08-01 00:00:00-04:00,4
310,W21834,871,2016-08-08 00:00:00-04:00,1
311,W21834,21685,2016-08-15 00:00:00-04:00,6
312,W21834,12797,2016-08-22 00:00:00-04:00,1
313,W21834,15706,2016-08-29 00:00:00-04:00,3
314,W21834,20535,2016-09-05 00:00:00-04:00,7
315,W21834,19613,2016-09-12 00:00:00-04:00,6
316,W21834,37409,2016-09-19 00:00:00-04:00,7
317,W21834,19985,2016-09-26 00:00:00-04:00,6
318,W21834,7229,2016-10-03 00:00:00-04:00,2
319,W21834,1501,2016-10-10 00:00:00-04:00,2
320,W21834,24398,2016-10-17 00:00:00-04:00,5
321,W21834,40922,2016-10-24 00:00:00-04:00,6
322,W21834,28007,2016-10-31 00:00:00-04:00,6
323,W21834,50264,2016-11-07 00:00:00-05:00,7
324,W21834,17070,2016-11-14 00:00:00-05:00,5
325,W21834,23263,2016-11-21 00:00:00-05:00,4
326,W21834,15137,2016-11-28 00:00:00-05:00,6
327,W21834,711,2016-12-05 00:00:00-05:00,2
328,W21834,1643,2016-12-12 00:00:00-05:00,1
329,W21834,1064,2016-12-19 00:00:00-05:00,2
330,W21834,1905,2016-12-26 00:00:00-05:00,2
331,W21834,11185,2017-01-02 00:00:00-05:00,7
332,W21834,10915,2017-01-09 00:00:00-05:00,5
333,W21834,18392,2017-01-16 00:00:00-05:00,4
334,W21834,16071,2017-01-23 00:00:00-05:00,7
335,W21834,1213,2017-01-30 00:00:00-05:00,1
336,W21834,51315,2017-02-06 00:00:00-05:00,5
337,W21834,45231,2017-02-13 00:00:00-05:00,7
338,W21834,26345,2017-02-20 00:00:00-05:00,7
339,W21834,9402,2017-02-27 00:00:00-05:00,7
340,W21834,21686,2017-03-06 00:00:00-05:00,6
341,W21834,185,2017-03-13 00:00:00-04:00,1
342,W21834,5790,2017-03-20 00:00:00-04:00,4
343,W21834,24391,2017-03-27 00:00:00-04:00,6
344,W21834,25265,2017-04-03 00:00:00-04:00,6
345,W21834,21310,2017-04-17 00:00:00-04:00,6
346,W21834,52844,2017-04-24 00:00:00-04:00,6
347,W21834,35761,2017-05-01 00:00:00-04:00,7
348,W21834,12261,2017-05-08 00:00:00-04:00,3
349,W21834,31696,2017-05-15 00:00:00-04:00,3
350,W21834,27178,2017-05-22 00:00:00-04:00,6
351,W21834,35785,2017-05-29 00:00:00-04:00,5
352,W21834,15773,2017-06-05 00:00:00-04:00,3
353,W21834,40504,2017-06-12 00:00:00-04:00,7
354,W21834,51631,2017-06-19 00:00:00-04:00,6
355,W21834,31001,2017-06-26 00:00:00-04:00,7
356,W21834,51521,2017-07-03 00:00:00-04:00,7
357,W21834,60894,2017-07-10 00:00:00-04:00,6
358,W21834,42492,2017-07-17 00:00:00-04:00,7
359,W21834,42864,2017-07-24 00:00:00-04:00,5
360,W21834,997,2017-07-31 00:00:00-04:00,3
361,W21834,24456,2017-08-07 00:00:00-04:00,4
362,W21834,25233,2017-08-14 00:00:00-04:00,6
363,W21834,32668,2017-08-21 00:00:00-04:00,7
364,W21834,34870,2017-08-28 00:00:00-04:00,6
365,W21834,27085,2017-09-04 00:00:00-04:00,7
366,W21834,56398,2017-09-11 00:00:00-04:00,6
367,W21834,15237,2017-09-18 00:00:00-04:00,4
368,W21834,39601,2017-09-25 00:00:00-04:00,3
369,W21834,35402,2017-10-02 00:00:00-04:00,7
370,W21834,12677,2017-10-09 00:00:00-04:00,5
371,W21834,16125,2017-10-23 00:00:00-04:00,5
372,W21834,20981,2017-10-30 00:00:00-04:00,7
373,W21834,14154,2017-11-06 00:00:00-05:00,7
374,W21834,19633,2017-11-13 00:00:00-05:00,7
375,W21834,25216,2017-11-20 00:00:00-05:00,6
376,W21834,2752,2017-11-27 00:00:00-05:00,1
377,W21834,1345,2017-12-04 00:00:00-05:00,2
378,W21834,7533,2017-12-11 00:00:00-05:00,5
379,W21834,18594,2017-12-18 00:00:00-05:00,5
380,W21834,183,2018-01-08 00:00:00-05:00,1
381,W21834,11571,2018-01-15 00:00:00-05:00,5
382,W21834,13450,2018-01-22 00:00:00-05:00,5
383,W21834,1977,2018-01-29 00:00:00-05:00,1
384,W21834,8790,2018-02-05 00:00:00-05:00,7
385,W21834,12862,2018-02-12 00:00:00-05:00,6
386,W21834,6651,2018-02-19 00:00:00-05:00,6
387,W21834,8205,2018-02-26 00:00:00-05:00,4
388,W21834,30209,2018-03-05 00:00:00-05:00,7
389,W21834,4958,2018-03-12 00:00:00-04:00,5
390,W21834,19231,2018-03-19 00:00:00-04:00,5
391,W21834,51420,2018-03-26 00:00:00-04:00,6
392,W21834,34216,2018-04-02 00:00:00-04:00,7
393,W21834,25099,2018-04-09 00:00:00-04:00,7
394,W21834,38776,2018-04-16 00:00:00-04:00,7
395,W21834,22975,2018-04-23 00:00:00-04:00,4
396,W21834,72606,2018-04-30 00:00:00-04:00,7
397,W21834,35732,2018-05-07 00:00:00-04:00,6
398,W21834,24835,2018-05-14 00:00:00-04:00,5
399,W21834,112376,2018-05-21 00:00:00-04:00,7
400,W21834,70103,2018-05-28 00:00:00-04:00,6
401,W21834,47594,2018-06-04 00:00:00-04:00,6
402,W21834,31726,2018-06-11 00:00:00-04:00,7
403,W21834,42447,2018-06-18 00:00:00-04:00,6
404,W21834,61103,2018-06-25 00:00:00-04:00,7
405,W21834,59663,2018-07-02 00:00:00-04:00,7
406,W21834,88394,2018-07-09 00:00:00-04:00,7
407,W21834,47245,2018-07-16 00:00:00-04:00,5
408,W21834,51114,2018-07-23 00:00:00-04:00,5
409,W21834,37706,2018-07-30 00:00:00-04:00,5
410,W21834,32964,2018-08-06 00:00:00-04:00,7
411,W21834,53193,2018-08-13 00:00:00-04:00,6
412,W21834,44843,2018-08-20 00:00:00-04:00,7
413,W21834,53341,2018-08-27 00:00:00-04:00,6
414,W21834,51518,2018-09-03 00:00:00-04:00,7
415,W21834,50414,2018-09-10 00:00:00-04:00,7
416,W21834,66805,2018-09-17 00:00:00-04:00,6
417,W21834,4890,2018-09-24 00:00:00-04:00,2
418,W21907,11455,2015-12-28 00:00:00-05:00,2
419,W21907,16290,2016-01-04 00:00:00-05:00,4
420,W21907,21764,2016-01-11 00:00:00-05:00,7
421,W21907,3971,2016-01-18 00:00:00-05:00,4
422,W21907,1054,2016-01-25 00:00:00-05:00,1
423,W21907,7991,2016-02-01 00:00:00-05:00,5
424,W21907,8773,2016-02-08 00:00:00-05:00,5
425,W21907,6437,2016-02-15 00:00:00-05:00,4
426,W21907,2262,2016-02-22 00:00:00-05:00,3
427,W21907,5710,2016-02-29 00:00:00-05:00,4
428,W21907,15736,2016-03-07 00:00:00-05:00,3
429,W21907,26736,2016-03-14 00:00:00-04:00,7
430,W21907,17456,2016-03-21 00:00:00-04:00,4
431,W21907,8125,2016-03-28 00:00:00-04:00,4
432,W21907,36385,2016-04-04 00:00:00-04:00,7
433,W21907,38811,2016-04-11 00:00:00-04:00,7
434,W21907,25593,2016-04-18 00:00:00-04:00,6
435,W21907,16792,2016-04-25 00:00:00-04:00,4
436,W21907,3469,2016-05-02 00:00:00-04:00,4
437,W21907,19284,2016-05-09 00:00:00-04:00,6
438,W21907,23115,2016-05-16 00:00:00-04:00,6
439,W21907,39340,2016-05-23 00:00:00-04:00,7
440,W21907,2905,2016-05-30 00:00:00-04:00,2
441,W21907,3887,2016-06-06 00:00:00-04:00,1
442,W21907,38764,2016-06-13 00:00:00-04:00,6
443,W21907,67056,2016-06-20 00:00:00-04:00,7
444,W21907,103524,2016-06-27 00:00:00-04:00,7
445,W21907,39613,2016-07-04 00:00:00-04:00,7
446,W21907,98547,2016-07-11 00:00:00-04:00,7
447,W21907,52475,2016-07-18 00:00:00-04:00,7
448,W21907,24438,2016-07-25 00:00:00-04:00,5
449,W21907,34091,2016-08-01 00:00:00-04:00,5
450,W21907,18166,2016-08-08 00:00:00-04:00,6
451,W21907,35956,2016-08-15 00:00:00-04:00,7
452,W21907,40764,2016-08-22 00:00:00-04:00,4
453,W21907,19933,2016-08-29 00:00:00-04:00,6
454,W21907,31002,2016-09-05 00:00:00-04:00,5
455,W21907,21336,2016-09-12 00:00:00-04:00,7
456,W21907,15807,2016-09-19 00:00:00-04:00,5
457,W21907,36774,2016-09-26 00:00:00-04:00,6
458,W21907,29379,2016-10-03 00:00:00-04:00,6
459,W21907,35821,2016-10-10 00:00:00-04:00,7
460,W21907,34643,2016-10-17 00:00:00-04:00,7
461,W21907,26049,2016-10-24 00:00:00-04:00,6
462,W21907,28608,2016-10-31 00:00:00-04:00,6
463,W21907,27738,2016-11-07 00:00:00-05:00,7
464,W21907,37612,2016-11-14 00:00:00-05:00,7
465,W21907,6758,2016-11-21 00:00:00-05:00,4
466,W21907,32015,2016-11-28 00:00:00-05:00,6
467,W21907,15550,2016-12-05 00:00:00-05:00,6
468,W21907,22118,2016-12-12 00:00:00-05:00,4
469,W21907,1693,2016-12-19 00:00:00-05:00,2
470,W21907,24005,2016-12-26 00:00:00-05:00,2
471,W21907,12316,2017-01-09 00:00:00-05:00,4
472,W21907,33615,2017-01-16 00:00:00-05:00,7
473,W21907,7721,2017-01-23 00:00:00-05:00,4
474,W21907,11364,2017-01-30 00:00:00-05:00,6
475,W21907,9170,2017-02-06 00:00:00-05:00,4
476,W21907,29545,2017-02-13 00:00:00-05:00,6
477,W21907,55947,2017-02-20 00:00:00-05:00,7
478,W21907,21508,2017-02-27 00:00:00-05:00,7
479,W21907,11745,2017-03-06 00:00:00-05:00,7
480,W21907,4737,2017-03-13 00:00:00-04:00,3
481,W21907,48293,2017-03-20 00:00:00-04:00,6
482,W21907,33231,2017-03-27 00:00:00-04:00,6
483,W21907,40475,2017-04-03 00:00:00-04:00,7
484,W21907,29004,2017-04-10 00:00:00-04:00,7
485,W21907,62878,2017-04-17 00:00:00-04:00,5
486,W21907,12782,2017-04-24 00:00:00-04:00,4
487,W21907,15962,2017-05-01 00:00:00-04:00,5
488,W21907,11303,2017-05-08 00:00:00-04:00,3
489,W21907,64283,2017-05-15 00:00:00-04:00,7
490,W21907,42632,2017-05-22 00:00:00-04:00,7
491,W21907,18333,2017-05-29 00:00:00-04:00,2
492,W21907,207,2017-06-05 00:00:00-04:00,1
493,W21907,327,2017-06-12 00:00:00-04:00,1
494,W21907,6729,2017-06-19 00:00:00-04:00,3
495,W21907,32800,2017-06-26 00:00:00-04:00,7
496,W21907,692,2017-07-03 00:00:00-04:00,2
497,W21907,5101,2017-07-10 00:00:00-04:00,5
498,W21907,35619,2017-07-17 00:00:00-04:00,7
499,W21907,46927,2017-07-24 00:00:00-04:00,7
500,W21907,29390,2017-07-31 00:00:00-04:00,6
501,W21907,69180,2017-08-07 00:00:00-04:00,6
502,W21907,64256,2017-08-14 00:00:00-04:00,7
503,W21907,25111,2017-08-21 00:00:00-04:00,4
504,W21907,24193,2017-08-28 00:00:00-04:00,5
505,W21907,13693,2017-09-04 00:00:00-04:00,5
506,W21907,5264,2017-09-11 00:00:00-04:00,1
507,W21907,18187,2017-09-18 00:00:00-04:00,4
508,W21907,24553,2017-09-25 00:00:00-04:00,6
509,W21907,3973,2017-10-02 00:00:00-04:00,4
510,W21907,17559,2017-10-09 00:00:00-04:00,7
511,W21907,51579,2017-10-16 00:00:00-04:00,7
512,W21907,36582,2017-10-23 00:00:00-04:00,6
513,W21907,44338,2017-10-30 00:00:00-04:00,6
514,W21907,13490,2017-11-06 00:00:00-05:00,5
515,W21907,18585,2017-11-13 00:00:00-05:00,7
516,W21907,37866,2017-11-20 00:00:00-05:00,6
517,W21907,32835,2017-11-27 00:00:00-05:00,5
518,W21907,11106,2017-12-04 00:00:00-05:00,4
519,W21907,650,2017-12-11 00:00:00-05:00,1
520,W21907,19214,2017-12-18 00:00:00-05:00,6
521,W21907,5495,2017-12-25 00:00:00-05:00,3
522,W21907,9742,2018-01-01 00:00:00-05:00,6
523,W21907,9426,2018-01-08 00:00:00-05:00,5
524,W21907,2628,2018-01-15 00:00:00-05:00,2
525,W21907,1419,2018-01-22 00:00:00-05:00,2
526,W21907,1502,2018-01-29 00:00:00-05:00,3
527,W21907,13575,2018-02-05 00:00:00-05:00,6
528,W21907,24125,2018-02-12 00:00:00-05:00,6
529,W21907,11435,2018-02-19 00:00:00-05:00,2
530,W21907,97993,2018-02-26 00:00:00-05:00,5
531,W21907,31327,2018-03-05 00:00:00-05:00,7
532,W21907,17819,2018-03-12 00:00:00-04:00,7
533,W21907,45238,2018-03-19 00:00:00-04:00,7
534,W21907,15579,2018-03-26 00:00:00-04:00,7
535,W21907,56266,2018-04-02 00:00:00-04:00,6
536,W21907,25267,2018-04-09 00:00:00-04:00,7
537,W21907,34752,2018-04-23 00:00:00-04:00,6
538,W21907,68988,2018-04-30 00:00:00-04:00,7
539,W21907,42913,2018-05-07 00:00:00-04:00,7
540,W21907,28098,2018-05-14 00:00:00-04:00,7
541,W21907,31043,2018-05-21 00:00:00-04:00,5
542,W21907,529,2018-05-28 00:00:00-04:00,1
543,W21907,56738,2018-06-04 00:00:00-04:00,7
544,W21907,39762,2018-06-11 00:00:00-04:00,7
545,W21907,50584,2018-06-18 00:00:00-04:00,6
546,W21907,30290,2018-06-25 00:00:00-04:00,6
547,W21907,45824,2018-07-02 00:00:00-04:00,7
548,W21907,20017,2018-07-09 00:00:00-04:00,4
549,W21907,28524,2018-07-16 00:00:00-04:00,6
550,W21907,53632,2018-07-23 00:00:00-04:00,7
551,W21907,53723,2018-07-30 00:00:00-04:00,6
552,W21907,47419,2018-08-06 00:00:00-04:00,5
553,W21907,104363,2018-08-13 00:00:00-04:00,6
554,W21907,57594,2018-08-20 00:00:00-04:00,7
555,W21907,38898,2018-08-27 00:00:00-04:00,6
556,W21907,36337,2018-09-03 00:00:00-04:00,7
557,W21907,41065,2018-09-10 00:00:00-04:00,7
558,W21907,16137,2018-09-17 00:00:00-04:00,3
559,W21907,37116,2018-09-24 00:00:00-04:00,3
560,W21968,43361,2015-12-28 00:00:00-05:00,3
561,W21968,12719,2016-01-04 00:00:00-05:00,6
562,W21968,12784,2016-01-11 00:00:00-05:00,7
563,W21968,8331,2016-01-18 00:00:00-05:00,4
564,W21968,15659,2016-02-01 00:00:00-05:00,7
565,W21968,1231,2016-02-08 00:00:00-05:00,2
566,W21968,15334,2016-02-15 00:00:00-05:00,5
567,W21968,11747,2016-02-22 00:00:00-05:00,6
568,W21968,17669,2016-02-29 00:00:00-05:00,6
569,W21968,35999,2016-03-07 00:00:00-05:00,7
570,W21968,47511,2016-03-14 00:00:00-04:00,6
571,W21968,29367,2016-03-21 00:00:00-04:00,7
572,W21968,49445,2016-03-28 00:00:00-04:00,7
573,W21968,27645,2016-04-04 00:00:00-04:00,7
574,W21968,53976,2016-04-11 00:00:00-04:00,7
575,W21968,36483,2016-04-18 00:00:00-04:00,7
576,W21968,27063,2016-04-25 00:00:00-04:00,4
577,W21968,20926,2016-05-02 00:00:00-04:00,6
578,W21968,17958,2016-05-16 00:00:00-04:00,4
579,W21968,54357,2016-05-23 00:00:00-04:00,6
580,W21968,47345,2016-05-30 00:00:00-04:00,6
581,W21968,8565,2016-06-06 00:00:00-04:00,4
582,W21968,36606,2016-06-13 00:00:00-04:00,5
583,W21968,24250,2016-06-20 00:00:00-04:00,5
584,W21968,54738,2016-06-27 00:00:00-04:00,7
585,W21968,63237,2016-07-04 00:00:00-04:00,5
586,W21968,39916,2016-07-11 00:00:00-04:00,7
587,W21968,76787,2016-07-18 00:00:00-04:00,7
588,W21968,16486,2016-07-25 00:00:00-04:00,6
589,W21968,48252,2016-08-01 00:00:00-04:00,7
590,W21968,39863,2016-08-08 00:00:00-04:00,7
591,W21968,50179,2016-08-15 00:00:00-04:00,7
592,W21968,24802,2016-08-22 00:00:00-04:00,4
593,W21968,2436,2016-09-05 00:00:00-04:00,3
594,W21968,21444,2016-09-12 00:00:00-04:00,6
595,W21968,26190,2016-09-19 00:00:00-04:00,7
596,W21968,8223,2016-09-26 00:00:00-04:00,7
597,W21968,13082,2016-10-03 00:00:00-04:00,2
598,W21968,2961,2016-10-10 00:00:00-04:00,2
599,W21968,15549,2016-10-17 00:00:00-04:00,4
600,W21968,29861,2016-10-31 00:00:00-04:00,4
601,W21968,37959,2016-11-07 00:00:00-05:00,7
602,W21968,37334,2016-11-14 00:00:00-05:00,6
603,W21968,42812,2016-11-21 00:00:00-05:00,7
604,W21968,21459,2016-11-28 00:00:00-05:00,6
605,W21968,13916,2016-12-05 00:00:00-05:00,7
606,W21968,13371,2016-12-12 00:00:00-05:00,3
607,W21968,6215,2016-12-19 00:00:00-05:00,5
608,W21968,3640,2016-12-26 00:00:00-05:00,6
609,W21968,13470,2017-01-02 00:00:00-05:00,7
610,W21968,7086,2017-01-09 00:00:00-05:00,3
611,W21968,25995,2017-01-16 00:00:00-05:00,7
612,W21968,6680,2017-01-23 00:00:00-05:00,4
613,W21968,13495,2017-01-30 00:00:00-05:00,6
614,W21968,24250,2017-02-06 00:00:00-05:00,7
615,W21968,15182,2017-02-13 00:00:00-05:00,6
616,W21968,37023,2017-02-20 00:00:00-05:00,7
617,W21968,5913,2017-02-27 00:00:00-05:00,3
618,W21968,16105,2017-03-06 00:00:00-05:00,5
619,W21968,6038,2017-03-13 00:00:00-04:00,4
620,W21968,30578,2017-03-27 00:00:00-04:00,5
621,W21968,16689,2017-04-03 00:00:00-04:00,5
622,W21968,63785,2017-04-10 00:00:00-04:00,7
623,W21968,80184,2017-04-17 00:00:00-04:00,6
624,W21968,44045,2017-04-24 00:00:00-04:00,7
625,W21968,36413,2017-05-01 00:00:00-04:00,7
626,W21968,605,2017-05-08 00:00:00-04:00,2
627,W21968,2026,2017-05-22 00:00:00-04:00,3
628,W21968,25823,2017-05-29 00:00:00-04:00,4
629,W21968,40639,2017-06-05 00:00:00-04:00,7
630,W21968,66327,2017-06-12 00:00:00-04:00,7
631,W21968,43146,2017-06-19 00:00:00-04:00,7
632,W21968,12770,2017-06-26 00:00:00-04:00,6
633,W21968,32605,2017-07-03 00:00:00-04:00,7
634,W21968,42253,2017-07-10 00:00:00-04:00,6
635,W21968,49415,2017-07-17 00:00:00-04:00,7
636,W21968,24632,2017-07-24 00:00:00-04:00,7
637,W21968,10253,2017-07-31 00:00:00-04:00,3
638,W21968,20775,2017-08-21 00:00:00-04:00,4
639,W21968,36495,2017-08-28 00:00:00-04:00,5
640,W21968,60253,2017-09-04 00:00:00-04:00,7
641,W21968,45579,2017-09-11 00:00:00-04:00,7
642,W21968,31864,2017-09-18 00:00:00-04:00,7
643,W21968,27814,2017-09-25 00:00:00-04:00,4
644,W21968,19995,2017-10-02 00:00:00-04:00,4
645,W21968,9294,2017-10-16 00:00:00-04:00,6
646,W21968,28529,2017-10-23 00:00:00-04:00,6
647,W21968,21165,2017-10-30 00:00:00-04:00,5
648,W21968,12843,2017-11-06 00:00:00-05:00,5
649,W21968,23625,2017-11-13 00:00:00-05:00,6
650,W21968,1272,2017-12-04 00:00:00-05:00,1
651,W21968,11608,2017-12-11 00:00:00-05:00,5
652,W21968,18951,2017-12-18 00:00:00-05:00,5
653,W21968,3342,2017-12-25 00:00:00-05:00,4
654,W21968,2236,2018-01-01 00:00:00-05:00,3
655,W21968,10349,2018-01-08 00:00:00-05:00,6
656,W21968,16344,2018-01-15 00:00:00-05:00,5
657,W21968,1036,2018-01-22 00:00:00-05:00,3
658,W21968,4812,2018-01-29 00:00:00-05:00,5
659,W21968,10706,2018-02-05 00:00:00-05:00,7
660,W21968,26879,2018-02-12 00:00:00-05:00,7
661,W21968,20296,2018-02-19 00:00:00-05:00,6
662,W21968,12902,2018-02-26 00:00:00-05:00,5
663,W21968,25275,2018-03-05 00:00:00-05:00,7
664,W21968,30262,2018-03-12 00:00:00-04:00,7
665,W21968,14639,2018-03-19 00:00:00-04:00,6
666,W21968,35511,2018-03-26 00:00:00-04:00,7
667,W21968,47261,2018-04-02 00:00:00-04:00,7
668,W21968,21468,2018-04-09 00:00:00-04:00,6
669,W21968,26960,2018-04-16 00:00:00-04:00,7
670,W21968,1861,2018-04-23 00:00:00-04:00,1
671,W21968,38965,2018-04-30 00:00:00-04:00,5
672,W21968,22794,2018-05-07 00:00:00-04:00,6
673,W21968,28769,2018-05-14 00:00:00-04:00,6
674,W21968,3195,2018-05-21 00:00:00-04:00,2
675,W21968,9881,2018-05-28 00:00:00-04:00,5
676,W21968,49031,2018-06-04 00:00:00-04:00,5
677,W21968,80728,2018-06-11 00:00:00-04:00,5
678,W21968,26774,2018-06-18 00:00:00-04:00,4
679,W21968,35372,2018-06-25 00:00:00-04:00,7
680,W21968,60565,2018-07-02 00:00:00-04:00,7
681,W21968,8270,2018-07-09 00:00:00-04:00,4
682,W21968,44334,2018-07-16 00:00:00-04:00,5
683,W21968,37510,2018-07-23 00:00:00-04:00,5
684,W21968,83789,2018-07-30 00:00:00-04:00,5
685,W21968,65465,2018-08-06 00:00:00-04:00,7
686,W21968,93168,2018-08-13 00:00:00-04:00,6
687,W21968,87561,2018-08-20 00:00:00-04:00,7
688,W21968,63603,2018-08-27 00:00:00-04:00,7
689,W21968,19216,2018-09-03 00:00:00-04:00,6
690,W21968,49306,2018-09-10 00:00:00-04:00,7
691,W21968,60795,2018-09-17 00:00:00-04:00,6
692,W21968,488,2018-09-24 00:00:00-04:00,1
